{"cameraMode":{"drawMode":0,"name":"Shaded","section":"Shading Mode"},"sceneLighting":false,"audioPlay":false,"sceneViewState":{"showFog":true,"showMaterialUpdate":false,"showSkybox":true,"showFlares":true,"showImageEffects":true,"showParticleSystems":true},"in2DMode":false,"pivot":{"x":0.013447343371808529,"y":0.5133026242256165,"z":2.7001566886901857},"rotation":{"x":-0.039300307631492618,"y":-0.000309080962324515,"z":0.000012273773791093845,"w":-0.9992274045944214},"size":4.648075580596924,"orthographic":false}